Departure,Departure station,Return station,Covered distance (m),Duration (sec.)
2024-09-10 23:58:34,Charles Flahault,Occitanie,2211.0,857
2024-09-10 23:56:30,Médiathèque Emile Zola,Nouveau Saint-Roch,2640.0,1833
2024-09-10 23:47:33,Nombre d'Or,Nombre d'Or,2885.0,2670
2024-09-10 23:45:02,Observatoire,Richter,1894.0,401
2024-09-10 23:39:00,Corum,Louis Blanc,390.0,245
2024-09-10 23:37:37,Corum,Louis Blanc,396.0,331
2024-09-10 23:36:29,Plan Cabanes,Médiathèque Emile Zola,2464.0,810
2024-09-10 23:36:21,Plan Cabanes,Médiathèque Emile Zola,2656.0,811
2024-09-10 23:34:11,Gare Saint-Roch,Richter,5844.0,5678
2024-09-10 23:33:53,Corum,Occitanie,3973.0,1108
2024-09-10 23:32:12,Médiathèque Emile Zola,Antigone centre,1743.0,17267
2024-09-10 23:30:07,Place Viala,Malbosc,3687.0,1098
2024-09-10 23:29:29,Gare Saint-Roch,Gare Saint-Roch,3502.0,2812
2024-09-10 23:29:29,Louis Blanc,Boutonnet,1225.0,404
2024-09-10 23:28:56,Gare Saint-Roch,Gare Saint-Roch,3818.0,4695
2024-09-10 23:28:01,Place Albert 1er - St Charles,Voltaire,2383.0,734
2024-09-10 23:27:55,Gare Saint-Roch,Gare Saint-Roch,3879.0,4735
2024-09-10 23:27:15,Halles Castellane,Hôtel de Ville,2460.0,570
2024-09-10 23:26:51,Occitanie,Occitanie,7622.0,6269
2024-09-10 23:26:01,Louis Blanc,Boutonnet,1255.0,617
2024-09-10 23:25:44,Les Arceaux,Les Arceaux,0.0,76
2024-09-10 23:25:02,Occitanie,Occitanie,7412.0,6362
2024-09-10 23:24:33,Louis Blanc,Louis Blanc,32.0,221
2024-09-10 23:22:17,Nouveau Saint-Roch,Prés d'Arènes,1341.0,316
2024-09-10 23:15:01,Observatoire,Plan Cabanes,849.0,243
2024-09-10 23:13:43,Observatoire,Plan Cabanes,798.0,327
2024-09-10 23:08:34,Corum,Occitanie,3896.0,1033
2024-09-10 23:05:07,Vert Bois,Occitanie,2979.0,840
2024-09-10 23:04:20,Vert Bois,Vert Bois,0.0,16
2024-09-10 22:58:46,Faculté des sciences,Vert Bois,2215.0,48642
2024-09-10 22:58:26,Fac de Lettres,Faculté des sciences,1170.0,267
2024-09-10 22:56:45,Faculté des sciences,Faculté des sciences,0.0,8296
2024-09-10 22:55:34,Faculté des sciences,Vert Bois,2481.0,1118
2024-09-10 22:55:32,Faculté des sciences,Faculté des sciences,0.0,19
2024-09-10 22:54:01,Faculté des sciences,Vert Bois,2191.0,1164
2024-09-10 22:54:01,Faculté des sciences,Vert Bois,2123.0,1187
2024-09-10 22:53:37,Faculté des sciences,Vert Bois,2191.0,1188
2024-09-10 22:49:32,Foch,Charles Flahault,1114.0,365
2024-09-10 22:47:57,Faculté des sciences,Fac de Lettres,886.0,395
2024-09-10 22:47:28,Faculté des sciences,Fac de Lettres,978.0,423
2024-09-10 22:47:14,Faculté des sciences,Fac de Lettres,0.0,5500
2024-09-10 22:46:31,Faculté des sciences,Faculté des sciences,0.0,17
2024-09-10 22:45:25,Faculté des sciences,Fac de Lettres,1065.0,537
2024-09-10 22:41:43,Jeu de Mail des Abbés,Vert Bois,2385.0,1055
2024-09-10 22:40:51,Jeu de Mail des Abbés,Vert Bois,2713.0,1089
2024-09-10 22:40:05,Boutonnet,Vert Bois,2240.0,581
2024-09-10 22:39:31,Plan Cabanes,Faculté des sciences,2744.0,1887
2024-09-10 22:38:36,Occitanie,Hôtel du Département,2432.0,974
2024-09-10 22:35:24,Halles Castellane,Nouveau Saint-Roch,1594.0,471
2024-09-10 22:34:59,Place Albert 1er - St Charles,Faculté des sciences,2380.0,1101
2024-09-10 22:34:45,Albert 1er - Cathédrale,Plan Cabanes,818.0,276
2024-09-10 22:33:57,Port Marianne,Emile Combes,3158.0,905
2024-09-10 22:33:53,Place Albert 1er - St Charles,Faculté des sciences,2619.0,1182
2024-09-10 22:33:17,Halles Castellane,Voltaire,3404.0,755
2024-09-10 22:31:38,Place Albert 1er - St Charles,Faculté des sciences,2407.0,1410
2024-09-10 22:26:49,Comédie,Occitanie,5011.0,1383
2024-09-10 22:26:21,Comédie,Occitanie,4318.0,1505
2024-09-10 22:25:44,Hôtel de Ville,Sabines,5784.0,1705
2024-09-10 22:24:55,Hôtel de Ville,Hôtel de Ville,2.0,16
2024-09-10 22:24:46,Halles Castellane,Nombre d'Or,11382.0,5264
2024-09-10 22:24:10,Halles Castellane,Nombre d'Or,11649.0,5266
2024-09-10 22:23:04,Halles Castellane,Nombre d'Or,12049.0,5331
2024-09-10 22:22:25,Vert Bois,Boutonnet,1897.0,445
2024-09-10 22:18:21,Louis Blanc,Faculté des sciences,2875.0,1290
2024-09-10 22:17:39,Place Albert 1er - St Charles,Louis Blanc,396.0,157
2024-09-10 22:16:56,Louis Blanc,Faculté des sciences,2752.0,1361
2024-09-10 22:16:37,Louis Blanc,Faculté des sciences,2642.0,1395
2024-09-10 22:14:43,Louis Blanc,Faculté des sciences,2634.0,1492
2024-09-10 22:13:47,Jeu de Mail des Abbés,Corum,784.0,214
2024-09-10 22:13:03,Louis Blanc,Faculté des sciences,2811.0,1593
2024-09-10 22:12:10,Boutonnet,Place Albert 1er - St Charles,886.0,282
2024-09-10 22:11:05,Louis Blanc,Occitanie,3518.0,830
2024-09-10 22:11:03,Boutonnet,Boutonnet,0.0,41
2024-09-10 22:08:12,Boutonnet,Les Arceaux,1651.0,793
2024-09-10 22:04:17,Plan Cabanes,Boutonnet,1937.0,664
2024-09-10 22:03:35,Plan Cabanes,Boutonnet,2042.0,713
2024-09-10 21:56:14,Vert Bois,Boutonnet,1666.0,592
2024-09-10 21:50:55,Place Viala,Malbosc,3738.0,2047
2024-09-10 21:50:19,Corum,Boutonnet,1586.0,472
2024-09-10 21:44:32,Faculté des sciences,Vert Bois,2609.0,1718
2024-09-10 21:44:16,Charles Flahault,Comedie Baudin,2082.0,618
2024-09-10 21:43:59,Comédie,Place Viala,2513.0,628
2024-09-10 21:43:21,Comédie,Père Soulas,3728.0,1478
2024-09-10 21:42:41,Gare Saint-Roch,Médiathèque Emile Zola,1078.0,482
2024-09-10 21:42:38,Fac de Lettres,Vert Bois,996.0,359
2024-09-10 21:41:21,Gare Saint-Roch,Médiathèque Emile Zola,1080.0,590
2024-09-10 21:39:44,Observatoire,Hôtel de Ville,1890.0,456
2024-09-10 21:31:07,Vert Bois,Place Albert 1er - St Charles,2860.0,1110
2024-09-10 21:28:21,Place Viala,Observatoire,2311.0,644
2024-09-10 21:26:53,Charles Flahault,Port Marianne,4231.0,1149
2024-09-10 21:14:31,Place Albert 1er - St Charles,Observatoire,1306.0,382
2024-09-10 21:09:21,Marie Caizergues,Observatoire,1897.0,696
2024-09-10 21:07:20,Voltaire,Gare Saint-Roch,128.0,131391
2024-09-10 21:07:04,Place Viala,Halles Castellane,2003.0,525
2024-09-10 21:06:49,Voltaire,Gare Saint-Roch,639.0,511
2024-09-10 21:06:24,Comédie,Plan Cabanes,894.0,332
2024-09-10 21:04:10,Garcia Lorca,Hôtel de Ville,1119.0,364
2024-09-10 21:02:47,Occitanie,Occitanie,2852.0,1964
2024-09-10 20:58:08,Cité Mion,Place Albert 1er - St Charles,2291.0,657
2024-09-10 20:52:56,Faculté des sciences,Occitanie,1308.0,1773
2024-09-10 20:52:09,Faculté des sciences,Faculté des sciences,0.0,17
2024-09-10 20:51:20,Faculté des sciences,Faculté des sciences,0.0,19
2024-09-10 20:49:26,Comedie Baudin,Jeu de Mail des Abbés,1464.0,485
2024-09-10 20:49:13,Comedie Baudin,Jeu de Mail des Abbés,1455.0,510
2024-09-10 20:48:24,Nouveau Saint-Roch,Halles Castellane,1304.0,392
2024-09-10 20:47:41,Fac de Lettres,Fac de Lettres,0.0,62
2024-09-10 20:46:59,Fac de Lettres,Fac de Lettres,0.0,16
2024-09-10 20:42:02,Observatoire,Fac de Lettres,3263.0,1449
2024-09-10 20:41:02,Observatoire,Fac de Lettres,3455.0,1528
2024-09-10 20:37:31,Père Soulas,Louis Blanc,1982.0,432
2024-09-10 20:32:46,Occitanie,Occitanie,0.0,18
2024-09-10 20:27:22,Vert Bois,Louis Blanc,3201.0,683
2024-09-10 20:26:34,Boutonnet,Place Albert 1er - St Charles,884.0,318
2024-09-10 20:25:57,Halles Castellane,Médiathèque Emile Zola,0.0,411
2024-09-10 20:24:40,Gare Saint-Roch,Gare Saint-Roch,6115.0,2181
2024-09-10 20:22:11,Occitanie,Faculté des sciences,1670.0,643
2024-09-10 20:19:34,Hôtel du Département,Hôtel du Département,0.0,21
2024-09-10 20:18:40,Place Viala,Observatoire,2393.0,656
2024-09-10 20:17:47,Place Viala,Place Viala,2.0,20
2024-09-10 20:17:46,Richter,Place Viala,4878.0,2054
2024-09-10 20:12:15,Vert Bois,Louis Blanc,2742.0,868
2024-09-10 20:11:23,Vert Bois,Vert Bois,0.0,19
2024-09-10 20:09:30,Jeu de Mail des Abbés,Antigone centre,6558.0,2799
2024-09-10 20:08:01,Richter,Gare Saint-Roch,1615.0,40081
2024-09-10 20:07:04,Jeu de Mail des Abbés,Boutonnet,1717.0,574
2024-09-10 20:06:52,Richter,Richter,0.0,36
2024-09-10 20:06:16,Jeu de Mail des Abbés,Jeu de Mail des Abbés,0.0,23
2024-09-10 20:05:45,Richter,Nouveau Saint-Roch,2556.0,1055
2024-09-10 20:05:43,Richter,Richter,0.0,24
2024-09-10 20:04:41,Aiguelongue,Père Soulas,2419.0,749
2024-09-10 20:04:37,Fac de Lettres,Fac de Lettres,0.0,17
2024-09-10 20:04:12,Antigone centre,Richter,1535.0,719
2024-09-10 20:03:55,Fac de Lettres,Fac de Lettres,0.0,16
2024-09-10 20:03:44,Saint-Guilhem - Courreau,Saint-Guilhem - Courreau,892.0,1727
2024-09-10 20:03:01,Fac de Lettres,Fac de Lettres,0.0,17
2024-09-10 20:01:25,Jeu de Mail des Abbés,Jeu de Mail des Abbés,414.0,603
2024-09-10 20:01:03,Port Marianne,Jardin de la Lironde,11925.0,4334
2024-09-10 20:00:23,Plan Cabanes,Place Viala,1605.0,846
2024-09-10 20:00:14,Nombre d'Or,Antigone centre,367.0,201
2024-09-10 19:59:21,Nombre d'Or,Place Viala,6712.0,3137
2024-09-10 19:54:42,Fac de Lettres,Marie Caizergues,939.0,264
2024-09-10 19:53:54,Port Marianne,Nombre d'Or,10659.0,10501
2024-09-10 19:53:51,Faculté des sciences,Comédie,3665.0,1262
2024-09-10 19:53:28,Médiathèque Emile Zola,Père Soulas,4122.0,1384
2024-09-10 19:52:59,Médiathèque Emile Zola,Père Soulas,4128.0,1415
2024-09-10 19:47:54,Hôtel de Ville,Port Marianne,2248.0,773
2024-09-10 19:47:27,Boutonnet,Les Arceaux,1174.0,371
2024-09-10 19:45:16,Hôtel de Ville,Hôtel de Ville,67.0,100
2024-09-10 19:45:07,Prés d'Arènes,Comédie,2474.0,617
2024-09-10 19:44:12,Boutonnet,Louis Blanc,1251.0,314
2024-09-10 19:41:20,Plan Cabanes,Nombre d'Or,2589.0,1022
2024-09-10 19:40:44,Corum,Corum,5437.0,6320
2024-09-10 19:40:13,Plan Cabanes,Plan Cabanes,0.0,16
2024-09-10 19:40:11,Père Soulas,Père Soulas,3377.0,1570
2024-09-10 19:39:54,Corum,Corum,6211.0,6377
2024-09-10 19:38:54,Place Albert 1er - St Charles,Hôtel du Département,4694.0,2394
2024-09-10 19:36:24,Les Aubes,Les Aubes,8008.0,2357
2024-09-10 19:36:09,Vert Bois,Fac de Lettres,1025.0,246
2024-09-10 19:32:59,Nouveau Saint-Roch,Rondelet,5680.0,4113
2024-09-10 19:30:19,Nouveau Saint-Roch,Nouveau Saint-Roch,2.0,118
2024-09-10 19:29:45,Nouveau Saint-Roch,Rondelet,5364.0,4303
2024-09-10 19:29:31,Marie Caizergues,Place Viala,7436.0,15459
2024-09-10 19:27:22,Occitanie,Jardin de la Lironde,11028.0,3189
2024-09-10 19:27:05,Boutonnet,Observatoire,2231.0,1074
2024-09-10 19:25:18,Vert Bois,Faculté des sciences,1202.0,234
2024-09-10 19:25:12,Boutonnet,Observatoire,2266.0,1198
2024-09-10 19:22:06,Père Soulas,Médiathèque Emile Zola,4059.0,1192
2024-09-10 19:21:50,Père Soulas,Médiathèque Emile Zola,4043.0,1210
2024-09-10 19:19:13,Tonnelles,Plan Cabanes,2640.0,1162
2024-09-10 19:19:12,Faculté des sciences,Louis Blanc,2511.0,609
2024-09-10 19:18:29,Tonnelles,Nombre d'Or,5252.0,2422
2024-09-10 19:15:53,Vert Bois,Plan Cabanes,4904.0,6558
2024-09-10 19:10:59,Louis Blanc,Renouvier,1764.0,476
2024-09-10 19:10:55,Euromédecine,Occitanie,2568.0,702
2024-09-10 19:10:19,Albert 1er - Cathédrale,Boutonnet,1155.0,467
2024-09-10 19:09:22,Albert 1er - Cathédrale,Boutonnet,1155.0,528
2024-09-10 19:07:32,Albert 1er - Cathédrale,Boutonnet,1168.0,631
2024-09-10 19:07:11,Occitanie,Place Albert 1er - St Charles,3256.0,881
2024-09-10 19:05:58,Foch,Boutonnet,1590.0,497
2024-09-10 19:05:56,Hôtel de Ville,Halles Castellane,0.0,823
2024-09-10 19:00:28,Port Marianne,Port Marianne,7771.0,8078
2024-09-10 18:57:34,Saint-Denis,Rondelet,1384.0,1945
2024-09-10 18:54:09,Place Albert 1er - St Charles,Port Marianne,3802.0,1452
2024-09-10 18:52:04,Jeu de Mail des Abbés,Comedie Baudin,1515.0,598
2024-09-10 18:51:32,Jeu de Mail des Abbés,Comedie Baudin,1558.0,638
2024-09-10 18:50:36,Hôtel de Ville,Hôtel de Ville,9458.0,4076
2024-09-10 18:49:45,Hôtel de Ville,Hôtel de Ville,0.0,15
2024-09-10 18:49:39,Sabines,Providence - Ovalie,28596.0,19473
2024-09-10 18:48:22,Hôtel de Ville,Hôtel de Ville,0.0,47
2024-09-10 18:48:01,Médiathèque Emile Zola,Médiathèque Emile Zola,2554.0,5973
2024-09-10 18:47:47,Hôtel de Ville,Hôtel de Ville,9703.0,4228
2024-09-10 18:45:39,Faculté des sciences,Père Soulas,1362.0,407
2024-09-10 18:45:12,Halles Castellane,Port Marianne,2440.0,1915
2024-09-10 18:44:07,Gare Saint-Roch,Gare Saint-Roch,996.0,585
2024-09-10 18:42:54,Louis Blanc,Charles Flahault,1057.0,327
2024-09-10 18:42:21,Père Soulas,Plan Cabanes,2493.0,1279
2024-09-10 18:42:10,Louis Blanc,Louis Blanc,0.0,21
2024-09-10 18:40:18,Comédie,Renouvier,1145.0,548
2024-09-10 18:38:56,Boutonnet,Aiguelongue,1878.0,790
2024-09-10 18:37:42,Emile Combes,Port Marianne,3114.0,822
2024-09-10 18:35:08,Saint-Denis,Comédie,2007.0,3517
2024-09-10 18:31:40,Malbosc,Place Viala,3448.0,1373
2024-09-10 18:30:24,Voltaire,Gare Saint-Roch,602.0,279
2024-09-10 18:30:03,Rondelet,Comédie,2287.0,3813
2024-09-10 18:26:48,Place Viala,Saint-Denis,2427.0,569
2024-09-10 18:24:42,Halles Castellane,Place Albert 1er - St Charles,1100.0,293
2024-09-10 18:23:28,Fac de Lettres,Corum,2452.0,944
2024-09-10 18:23:13,Place Viala,Foch,1656.0,502
2024-09-10 18:19:55,Faculté des sciences,Renouvier,3401.0,1121
2024-09-10 18:16:38,Pérols Etang de l'Or,Pérols Etang de l'Or,7008.0,11137
2024-09-10 18:16:28,Vert Bois,Boutonnet,2091.0,480
2024-09-10 18:16:28,Pérols Etang de l'Or,Pérols Etang de l'Or,6928.0,11158
2024-09-10 18:14:32,Occitanie,Place Albert 1er - St Charles,3210.0,1182
2024-09-10 18:12:35,Gare Saint-Roch,Gare Saint-Roch,0.0,27
2024-09-10 18:09:26,Place Viala,Gambetta,1782.0,450
2024-09-10 18:08:19,Les Arceaux,Place Viala,1325.0,854
2024-09-10 18:08:17,Les Arceaux,Place Viala,1302.0,850
2024-09-10 18:06:21,Vert Bois,Aiguelongue,1558.0,276
2024-09-10 18:05:38,Vert Bois,Vert Bois,0.0,17
2024-09-10 18:04:01,Médiathèque Emile Zola,Rondelet,1776.0,703
2024-09-10 18:03:42,Observatoire,Observatoire,3097.0,999
2024-09-10 18:02:09,Observatoire,Observatoire,0.0,49
2024-09-10 18:01:35,Place Albert 1er - St Charles,Observatoire,1313.0,568
2024-09-10 18:00:40,Richter,Comédie,2323.0,931
2024-09-10 17:59:12,Place Albert 1er - St Charles,Renouvier,6270.0,13544
2024-09-10 17:58:47,Plan Cabanes,Voltaire,1780.0,772
2024-09-10 17:58:16,Aiguelongue,Fac de Lettres,3691.0,1279
2024-09-10 17:55:11,Gare Saint-Roch,Halles Castellane,851.0,284
2024-09-10 17:53:52,Voltaire,Place Albert 1er - St Charles,2634.0,1089
2024-09-10 17:47:37,Place Albert 1er - St Charles,Beaux-Arts,959.0,365
2024-09-10 17:46:56,Place Albert 1er - St Charles,Les Aubes,1919.0,799
2024-09-10 17:45:51,Emile Combes,Emile Combes,0.0,27
2024-09-10 17:40:28,Place Viala,Plan Cabanes,1619.0,452
2024-09-10 17:40:24,Richter,Richter,5997.0,3985
2024-09-10 17:39:43,Louis Blanc,Nouveau Saint-Roch,2091.0,699
2024-09-10 17:39:32,Gare Saint-Roch,Richter,1919.0,546
2024-09-10 17:38:22,Gare Saint-Roch,Gare Saint-Roch,0.0,17
2024-09-10 17:38:07,Louis Blanc,Louis Blanc,0.0,67
2024-09-10 17:37:30,Gare Saint-Roch,Gare Saint-Roch,0.0,21
2024-09-10 17:36:30,Observatoire,Place Viala,2378.0,965
2024-09-10 17:34:38,Gare Saint-Roch,Richter,1858.0,693
2024-09-10 17:32:50,Faculté des sciences,Louis Blanc,2503.0,692
2024-09-10 17:29:36,Renouvier,Saint-Guilhem - Courreau,769.0,283
2024-09-10 17:29:08,Comédie,Gare Saint-Roch,500.0,302
2024-09-10 17:27:40,Comédie,Comédie,0.0,37
2024-09-10 17:27:34,Halles Castellane,Faculté des sciences,3122.0,1036
2024-09-10 17:26:38,Renouvier,Saint-Denis,1488.0,746
2024-09-10 17:25:05,Faculté des sciences,Place Viala,2583.0,778
2024-09-10 17:22:31,Fac de Lettres,Place Albert 1er - St Charles,1457.0,321
2024-09-10 17:21:53,Jardin de la Lironde,Emile Combes,4218.0,2361
2024-09-10 17:21:26,Fac de Lettres,Fac de Lettres,0.0,24
2024-09-10 17:19:51,Médiathèque Emile Zola,Gambetta,2262.0,684
2024-09-10 17:19:02,Jardin de la Lironde,Prés d'Arènes,3934.0,1292
2024-09-10 17:16:48,Fac de Lettres,Les Arceaux,3589.0,2031
2024-09-10 17:16:48,Comédie,Gambetta,857.0,296
2024-09-10 17:16:38,Plan Cabanes,Renouvier,710.0,324
2024-09-10 17:16:16,Marie Caizergues,Saint-Guilhem - Courreau,2046.0,673
2024-09-10 17:16:12,Fac de Lettres,Plan Cabanes,2952.0,808
2024-09-10 17:15:48,Comédie,Comédie,2.0,22
2024-09-10 17:15:16,Comédie,Nombre d'Or,7020.0,3480
2024-09-10 17:11:37,Vert Bois,Albert 1er - Cathédrale,3397.0,2764
2024-09-10 17:09:41,Vert Bois,Corum,3448.0,1044
2024-09-10 17:08:58,Vert Bois,Albert 1er - Cathédrale,3305.0,2912
2024-09-10 17:07:47,Gare Saint-Roch,Nouveau Saint-Roch,5917.0,2915
2024-09-10 17:07:12,Gare Saint-Roch,Aiguelongue,2581.0,771
2024-09-10 17:04:17,Occitanie,Hôtel du Département,2728.0,921
2024-09-10 17:01:56,Faculté des sciences,Place Albert 1er - St Charles,2162.0,494
2024-09-10 17:01:50,Foch,Père Soulas,2270.0,588
2024-09-10 17:00:44,Gare Saint-Roch,Gare Saint-Roch,269.0,205
2024-09-10 16:59:02,Renouvier,Comédie,40.0,52808
2024-09-10 16:58:54,Pérols Etang de l'Or,Pérols Etang de l'Or,4463.0,8970
2024-09-10 16:58:43,Renouvier,Comédie,38.0,52818
2024-09-10 16:58:29,Pérols Etang de l'Or,Pérols Etang de l'Or,4459.0,8993
2024-09-10 16:57:49,Pérols Etang de l'Or,Pérols Etang de l'Or,4576.0,9028
2024-09-10 16:56:28,Providence - Ovalie,Renouvier,2264.0,865
2024-09-10 16:56:24,Renouvier,Halles Castellane,53.0,53168
2024-09-10 16:56:04,Renouvier,Comédie,46.0,53013
2024-09-10 16:56:04,Place Viala,Gare Saint-Roch,2679.0,831
2024-09-10 16:53:39,Boutonnet,Jeu de Mail des Abbés,1794.0,494
2024-09-10 16:53:17,Nombre d'Or,Antigone centre,7044.0,3239
2024-09-10 16:50:20,Faculté des sciences,Médiathèque Emile Zola,7751.0,7114
2024-09-10 16:50:11,Faculté des sciences,Médiathèque Emile Zola,7612.0,7117
2024-09-10 16:47:05,Louis Blanc,Comédie,1535.0,38778
2024-09-10 16:46:31,Louis Blanc,Comédie,1709.0,3885
2024-09-10 16:45:24,Charles Flahault,Gambetta,1468.0,505
2024-09-10 16:41:45,Comédie,Observatoire,8135.0,4154
2024-09-10 16:40:32,Comédie,Comédie,0.0,17
2024-09-10 16:39:44,Faculté des sciences,Richter,6534.0,2225
2024-09-10 16:39:18,Antigone centre,Place Albert 1er - St Charles,1913.0,622
2024-09-10 16:39:14,Marie Caizergues,Albert 1er - Cathédrale,714.0,243
2024-09-10 16:38:25,Occitanie,Charles Flahault,2137.0,551
2024-09-10 16:37:31,Place Albert 1er - St Charles,Gare Saint-Roch,1584.0,1401
2024-09-10 16:36:33,Comedie Baudin,Comédie,277.0,250
2024-09-10 16:33:58,Albert 1er - Cathédrale,Saint-Guilhem - Courreau,3914.0,4805
2024-09-10 16:32:54,Albert 1er - Cathédrale,Albert 1er - Cathédrale,0.0,16
2024-09-10 16:32:48,Garcia Lorca,Gare Saint-Roch,2740.0,2778
2024-09-10 16:31:47,Faculté des sciences,Halles Castellane,3344.0,1384
2024-09-10 16:28:38,Faculté des sciences,Halles Castellane,3389.0,1577
2024-09-10 16:25:30,Tonnelles,Celleneuve,5707.0,3542
2024-09-10 16:23:37,Occitanie,Occitanie,1888.0,1302
2024-09-10 16:23:07,Comédie,Hôtel de Ville,0.0,6197
2024-09-10 16:22:59,Comédie,Hôtel de Ville,9356.0,6226
2024-09-10 16:22:30,Marie Caizergues,Faculté des sciences,2111.0,23459
2024-09-10 16:21:11,Hôtel de Ville,Garcia Lorca,1284.0,612
2024-09-10 16:20:11,Gambetta,Beaux-Arts,2321.0,763
2024-09-10 16:18:27,Jean de Beins,Antigone centre,26870.0,14926
2024-09-10 16:18:13,Gare Saint-Roch,Prés d'Arènes,2930.0,5391
2024-09-10 16:18:12,Jean de Beins,Antigone centre,27034.0,14945
2024-09-10 16:17:56,Port Marianne,Port Marianne,2875.0,2611
2024-09-10 16:16:50,Place Viala,Tonnelles,2399.0,1099
2024-09-10 16:16:42,Port Marianne,Port Marianne,0.0,18
2024-09-10 16:11:43,Observatoire,Observatoire,0.0,30
2024-09-10 16:10:20,Faculté des sciences,Malbosc,3459.0,1232
2024-09-10 16:08:06,Celleneuve,Gare Saint-Roch,4000.0,907
2024-09-10 16:07:37,Halles Castellane,Corum,608.0,244
2024-09-10 16:07:32,Celleneuve,Celleneuve,0.0,16
2024-09-10 16:06:56,Celleneuve,Celleneuve,0.0,16
2024-09-10 16:03:05,Corum,Corum,0.0,43
2024-09-10 16:03:03,Marie Caizergues,Aiguelongue,1217.0,459
2024-09-10 16:02:28,Corum,Corum,2.0,65
2024-09-10 15:57:19,Occitanie,Père Soulas,1974.0,519
2024-09-10 15:54:41,Gare Saint-Roch,Nouveau Saint-Roch,24203.0,11482
2024-09-10 15:50:29,Place Viala,Observatoire,2405.0,659
2024-09-10 15:50:08,Gare Saint-Roch,Gare Saint-Roch,0.0,26
2024-09-10 15:49:09,Gare Saint-Roch,Gare Saint-Roch,0.0,28
2024-09-10 15:48:37,Boutonnet,Prés d'Arènes,4418.0,1621
2024-09-10 15:48:33,Plan Cabanes,Place Albert 1er - St Charles,2013.0,889
2024-09-10 15:48:22,Faculté des sciences,Louis Blanc,2540.0,1005
2024-09-10 15:47:35,Plan Cabanes,Plan Cabanes,0.0,21
2024-09-10 15:46:51,Plan Cabanes,Plan Cabanes,0.0,14
2024-09-10 15:45:34,Pérols Etang de l'Or,Pérols Etang de l'Or,6113.0,6145
2024-09-10 15:44:43,Les Aubes,Les Aubes,14.0,104
2024-09-10 15:43:08,Pérols Etang de l'Or,Pérols Etang de l'Or,6064.0,6283
2024-09-10 15:42:30,Faculté des sciences,Renouvier,3459.0,1284
2024-09-10 15:42:24,Faculté des sciences,Renouvier,3444.0,1305
2024-09-10 15:42:16,Pérols Etang de l'Or,Pérols Etang de l'Or,6430.0,25943
2024-09-10 15:42:09,Faculté des sciences,Renouvier,3775.0,1308
2024-09-10 15:41:43,Faculté des sciences,Renouvier,3661.0,1328
2024-09-10 15:41:33,Faculté des sciences,Renouvier,3430.0,1347
2024-09-10 15:40:48,Pérols Etang de l'Or,Foch,6618.0,144520
2024-09-10 15:40:02,Rondelet,Gare Saint-Roch,324.0,324
2024-09-10 15:36:45,Malbosc,Fac de Lettres,4298.0,1188
2024-09-10 15:35:22,Corum,Faculté des sciences,5213.0,3088
2024-09-10 15:34:29,Hôtel de Ville,Hôtel de Ville,6123.0,3562
2024-09-10 15:30:34,Corum,Faculté des sciences,5123.0,3370
2024-09-10 15:29:49,Renouvier,Faculté des sciences,4547.0,1436
2024-09-10 15:19:57,Sabines,Port Marianne,5615.0,4206
2024-09-10 15:15:38,Pérols Etang de l'Or,Pérols Etang de l'Or,13221.0,15828
2024-09-10 15:15:00,Place Albert 1er - St Charles,Cité Mion,2231.0,699
2024-09-10 15:14:31,Nombre d'Or,Antigone centre,4139.0,3620
2024-09-10 15:13:49,Pérols Etang de l'Or,Pérols Etang de l'Or,3800.0,10856
2024-09-10 15:09:45,Pérols Etang de l'Or,Pérols Etang de l'Or,13219.0,16181
2024-09-10 15:09:20,Port Marianne,Port Marianne,22819.0,13713
2024-09-10 15:09:06,Louis Blanc,Les Aubes,2248.0,1095
2024-09-10 15:06:56,Port Marianne,Port Marianne,18.0,92
2024-09-10 15:05:46,AtelierTAM,Comédie,16.0,59585
2024-09-10 15:05:16,Port Marianne,Louis Blanc,6946.0,2924
2024-09-10 15:04:17,Port Marianne,Port Marianne,0.0,20
2024-09-10 15:01:36,Fac de Lettres,Jeu de Mail des Abbés,1796.0,431
2024-09-10 14:59:38,Richter,Port Marianne,812.0,333
2024-09-10 14:59:17,Richter,Richter,23421.0,14030
2024-09-10 14:57:14,Nombre d'Or,Médiathèque Emile Zola,575.0,320
2024-09-10 14:53:31,Pérols Etang de l'Or,Euromédecine,26.0,2149
2024-09-10 14:53:23,Comédie,Vert Bois,3932.0,1363
2024-09-10 14:52:28,Pérols Etang de l'Or,Euromédecine,22.0,2261
2024-09-10 14:51:35,Pérols Etang de l'Or,Euromédecine,645.0,2357
2024-09-10 14:51:14,Comédie,Vert Bois,3879.0,1522
2024-09-10 14:50:44,Comédie,Comédie,22.0,124
2024-09-10 14:50:42,Pérols Etang de l'Or,Celleneuve,34.0,3229
2024-09-10 14:50:40,Pérols Etang de l'Or,Pérols Etang de l'Or,4853.0,8257
2024-09-10 14:50:30,Pérols Etang de l'Or,Pérols Etang de l'Or,4866.0,8266
2024-09-10 14:49:40,Pérols Etang de l'Or,Celleneuve,34.0,3329
2024-09-10 14:48:32,Pérols Etang de l'Or,Celleneuve,32.0,3442
2024-09-10 14:47:25,Pérols Etang de l'Or,Halles Castellane,507575.0,60909
2024-09-10 14:47:01,Rondelet,Nouveau Saint-Roch,23919.0,14671
2024-09-10 14:46:28,Pérols Etang de l'Or,Halles Castellane,32.0,61011
2024-09-10 14:45:40,Pérols Etang de l'Or,Halles Castellane,32.0,61053
2024-09-10 14:45:27,Jeu de Mail des Abbés,Jeu de Mail des Abbés,2170.0,838
2024-09-10 14:44:58,Pérols Etang de l'Or,Halles Castellane,26.0,61165
2024-09-10 14:44:04,Pérols Etang de l'Or,Halles Castellane,22.0,61219
2024-09-10 14:43:08,Port Marianne,Port Marianne,21902.0,15923
2024-09-10 14:42:02,Nouveau Saint-Roch,Rondelet,424.0,273
2024-09-10 14:41:43,Port Marianne,Port Marianne,25241.0,96569
2024-09-10 14:38:57,Place Viala,Faculté des sciences,2532.0,644
2024-09-10 14:36:42,Comédie,Pérols Etang de l'Or,19478.0,16785
2024-09-10 14:36:29,Boutonnet,Charles Flahault,733.0,680
2024-09-10 14:35:20,Père Soulas,Père Soulas,0.0,17172
2024-09-10 14:35:10,Comédie,Pérols Etang de l'Or,20667.0,16913
2024-09-10 14:35:05,Pérols Etang de l'Or,Pérols Etang de l'Or,11424.0,15910
2024-09-10 14:34:32,Père Soulas,Père Soulas,0.0,17
2024-09-10 14:33:54,Pérols Etang de l'Or,Pérols Etang de l'Or,11069.0,15978
2024-09-10 14:31:38,Garcia Lorca,Port Marianne,1658.0,466
2024-09-10 14:29:08,Saint-Guilhem - Courreau,Boutonnet,1743.0,674
2024-09-10 14:28:08,Nombre d'Or,Gare Saint-Roch,25245.0,19545
2024-09-10 14:27:14,Pérols Etang de l'Or,Pérols Etang de l'Or,5221.0,11603
2024-09-10 14:24:03,Louis Blanc,Occitanie,3502.0,1160
2024-09-10 14:23:57,Pérols Etang de l'Or,Pérols Etang de l'Or,5298.0,11840
2024-09-10 14:23:16,Pérols Etang de l'Or,Pérols Etang de l'Or,4482.0,9712
2024-09-10 14:23:13,Pérols Etang de l'Or,Pérols Etang de l'Or,4735.0,9716
2024-09-10 14:22:31,Pérols Etang de l'Or,Pérols Etang de l'Or,4422.0,9761
2024-09-10 14:22:21,Pérols Etang de l'Or,Pérols Etang de l'Or,10.0,249
2024-09-10 14:19:57,Faculté des sciences,Halles Castellane,3238.0,32798
2024-09-10 14:18:41,Gare Saint-Roch,Marie Caizergues,2289.0,673
2024-09-10 14:17:36,Comedie Baudin,Comedie Baudin,22.0,199
2024-09-10 14:16:24,Observatoire,Fac de Lettres,2987.0,1269
2024-09-10 14:15:15,Comedie Baudin,Comedie Baudin,0.0,39
2024-09-10 14:13:53,Gambetta,Occitanie,3640.0,1024
2024-09-10 14:13:49,Pérols Etang de l'Or,Pérols Etang de l'Or,4580.0,14350
2024-09-10 14:12:29,Occitanie,Plan Cabanes,3726.0,689
2024-09-10 14:10:37,Pérols Etang de l'Or,Pérols Etang de l'Or,7332.0,5190
2024-09-10 14:09:30,Pérols Etang de l'Or,Pérols Etang de l'Or,95.0,224
2024-09-10 14:08:11,Boutonnet,Louis Blanc,1429.0,300
2024-09-10 14:05:34,AtelierTAM,Comédie,40.0,63188
2024-09-10 14:01:34,Boutonnet,Louis Blanc,1325.0,312
2024-09-10 14:01:03,Vert Bois,Faculté des sciences,1792.0,596
2024-09-10 13:59:37,Fac de Lettres,Marie Caizergues,945.0,356
2024-09-10 13:59:14,Jardin de la Lironde,Père Soulas,6899.0,2462
2024-09-10 13:58:45,Fac de Lettres,Fac de Lettres,0.0,21824
2024-09-10 13:57:38,Fac de Lettres,Fac de Lettres,0.0,28
2024-09-10 13:56:45,Albert 1er - Cathédrale,Observatoire,1427.0,659
2024-09-10 13:56:11,Richter,Rondelet,2340.0,716
2024-09-10 13:55:56,Albert 1er - Cathédrale,Observatoire,1355.0,716
2024-09-10 13:53:41,Vert Bois,Place Albert 1er - St Charles,2436.0,456
2024-09-10 13:52:38,Gare Saint-Roch,Nombre d'Or,7965.0,4375
2024-09-10 13:51:32,Fac de Lettres,Saint-Denis,2885.0,784
2024-09-10 13:49:21,Comédie,Gare Saint-Roch,27299.0,13987
2024-09-10 13:47:59,Occitanie,Faculté des sciences,0.0,361
2024-09-10 13:47:04,Comédie,Faculté des sciences,4896.0,1567
2024-09-10 13:45:04,Malbosc,Comédie,5523.0,1995
2024-09-10 13:43:14,AtelierTAM,Gare Saint-Roch,65.0,69677
2024-09-10 13:42:00,Père Soulas,Faculté des sciences,1374.0,416
2024-09-10 13:33:36,Nouveau Saint-Roch,Louis Blanc,2003.0,528
2024-09-10 13:31:12,AtelierTAM,Gare Saint-Roch,57.0,70385
2024-09-10 13:30:58,Hôtel du Département,Occitanie,4569.0,2937
2024-09-10 13:28:15,Port Marianne,Pérols Etang de l'Or,7185.0,2130
2024-09-10 13:25:33,Fac de Lettres,Corum,2760.0,4609
2024-09-10 13:25:21,Pérols Etang de l'Or,Pérols Etang de l'Or,4363.0,8828
2024-09-10 13:24:40,Pérols Etang de l'Or,Pérols Etang de l'Or,0.0,18
2024-09-10 13:23:51,Gare Saint-Roch,Jardin de la Lironde,3483.0,1205
2024-09-10 13:23:04,Pérols Etang de l'Or,Pérols Etang de l'Or,22.0,72
2024-09-10 13:21:34,Gare Saint-Roch,Gare Saint-Roch,183.0,105
2024-09-10 13:16:51,Médiathèque Emile Zola,Foch,20.0,66734
2024-09-10 13:16:25,Occitanie,Occitanie,0.0,11200
2024-09-10 13:16:06,Celleneuve,Place Albert 1er - St Charles,4143.0,1162
2024-09-10 13:15:52,Médiathèque Emile Zola,Foch,24.0,66866
2024-09-10 13:15:13,Occitanie,Occitanie,0.0,27
2024-09-10 13:14:44,Médiathèque Emile Zola,Foch,22.0,66920
2024-09-10 13:14:22,Médiathèque Emile Zola,Foch,28.0,66914
2024-09-10 13:14:17,Médiathèque Emile Zola,Foch,24.0,66949
2024-09-10 13:14:10,Médiathèque Emile Zola,Foch,26.0,66926
2024-09-10 13:14:02,Occitanie,Boutonnet,2180.0,697
2024-09-10 13:12:59,Corum,Comédie,31540.0,26480
2024-09-10 13:11:59,Corum,Comédie,34185.0,26508
2024-09-10 13:09:18,Observatoire,Saint-Guilhem - Courreau,27479.0,29671
2024-09-10 13:06:46,Observatoire,Saint-Guilhem - Courreau,27834.0,29833
2024-09-10 13:06:06,Pérols Etang de l'Or,Pérols Etang de l'Or,20705.0,23759
2024-09-10 13:05:42,Observatoire,Saint-Guilhem - Courreau,27544.0,29864
2024-09-10 13:05:37,Gare Saint-Roch,Nombre d'Or,32763.0,24647
2024-09-10 13:04:24,Rondelet,Halles Castellane,1008.0,434
2024-09-10 13:03:58,Gambetta,Gambetta,1921.0,2598
2024-09-10 13:03:40,Nouveau Saint-Roch,Garcia Lorca,1803.0,413
2024-09-10 13:02:00,Place Albert 1er - St Charles,Gare Saint-Roch,1829.0,727
2024-09-10 13:00:34,Observatoire,Port Marianne,3112.0,1399
2024-09-10 13:00:32,Place Albert 1er - St Charles,Place Albert 1er - St Charles,0.0,16
2024-09-10 13:00:02,Pérols Etang de l'Or,Pérols Etang de l'Or,7396.0,8902
2024-09-10 12:59:40,Place Albert 1er - St Charles,Place Albert 1er - St Charles,2.0,16
2024-09-10 12:59:19,Pérols Etang de l'Or,Pérols Etang de l'Or,7330.0,8951
2024-09-10 12:59:15,Boutonnet,Saint-Guilhem - Courreau,2193.0,567
2024-09-10 12:58:43,Jeu de Mail des Abbés,Fac de Lettres,1839.0,515
2024-09-10 12:56:04,Beaux-Arts,Jeu de Mail des Abbés,465.0,146
2024-09-10 12:55:04,Beaux-Arts,Beaux-Arts,0.0,40
2024-09-10 12:52:21,Pérols Etang de l'Or,Pérols Etang de l'Or,5401.0,12809
2024-09-10 12:51:37,Emile Combes,Faculté des sciences,2315.0,587
2024-09-10 12:50:17,Occitanie,Foch,3261.0,567
2024-09-10 12:48:47,Albert 1er - Cathédrale,Plan Cabanes,769.0,378
2024-09-10 12:47:43,Marie Caizergues,Albert 1er - Cathédrale,1004.0,692
2024-09-10 12:46:03,Marie Caizergues,Albert 1er - Cathédrale,1047.0,790
2024-09-10 12:45:57,Marie Caizergues,Gare Saint-Roch,2231.0,511
2024-09-10 12:44:46,Marie Caizergues,Marie Caizergues,0.0,22
2024-09-10 12:44:36,Faculté des sciences,Père Soulas,1362.0,317
2024-09-10 12:44:24,Port Marianne,Port Marianne,9084.0,24619
2024-09-10 12:41:16,Emile Combes,Emile Combes,26086.0,23963
2024-09-10 12:41:09,Fac de Lettres,Gare Saint-Roch,3122.0,884
2024-09-10 12:38:34,Louis Blanc,Corum,4339.0,14789
2024-09-10 12:38:06,Occitanie,Place Albert 1er - St Charles,3056.0,765
2024-09-10 12:37:06,Les Arceaux,Gare Saint-Roch,1966.0,701
2024-09-10 12:37:00,Occitanie,Occitanie,0.0,23
2024-09-10 12:30:07,Gare Saint-Roch,Gare Saint-Roch,36986.0,33694
2024-09-10 12:29:51,Comedie Baudin,Hôtel de Ville,26889.0,23648
2024-09-10 12:28:33,Observatoire,Observatoire,1719.0,730
2024-09-10 12:28:27,Fac de Lettres,Louis Blanc,1866.0,18530
2024-09-10 12:28:18,Foch,Richter,3389.0,1073
2024-09-10 12:27:08,Tonnelles,Vert Bois,44.0,1356
2024-09-10 12:27:04,Gare Saint-Roch,Gare Saint-Roch,36874.0,33867
2024-09-10 12:26:50,Tonnelles,Vert Bois,38.0,1380
2024-09-10 12:26:31,Tonnelles,Vert Bois,46.0,1393
2024-09-10 12:25:50,Jardin de la Lironde,Hôtel de Ville,1725.0,470
2024-09-10 12:25:40,Gare Saint-Roch,Gare Saint-Roch,0.0,39
2024-09-10 12:21:01,Comedie Baudin,Comedie Baudin,161.0,350
2024-09-10 12:19:04,Comedie Baudin,Comedie Baudin,0.0,16
2024-09-10 12:18:25,Comedie Baudin,Hôtel de Ville,26672.0,24284
2024-09-10 12:17:21,Place Viala,Vert Bois,38.0,2006
2024-09-10 12:17:11,Place Viala,Vert Bois,36.0,2022
2024-09-10 12:17:11,Place Viala,Vert Bois,36.0,1958
2024-09-10 12:15:00,Halles Castellane,Halles Castellane,4290.0,1427
2024-09-10 12:01:31,Celleneuve,Gare Saint-Roch,4220.0,1071
2024-09-10 12:01:28,Place Viala,Garcia Lorca,4972.0,1573
2024-09-10 12:00:30,Place Viala,Place Viala,0.0,31
2024-09-10 11:56:42,Rondelet,Richter,3324.0,890
2024-09-10 11:48:08,Hôtel du Département,Occitanie,2530.0,791
2024-09-10 11:46:29,Boutonnet,Marie Caizergues,17898.0,19762
2024-09-10 11:46:14,Hôtel du Département,Hôtel du Département,2.0,17
2024-09-10 11:43:49,Occitanie,Occitanie,2342.0,1079
2024-09-10 11:42:59,Occitanie,Occitanie,0.0,19
2024-09-10 11:39:18,Comédie,Nouveau Saint-Roch,1845.0,6488
2024-09-10 11:38:43,Saint-Denis,Saint-Denis,4710.0,8246
2024-09-10 11:30:27,Sud De France,Gare Saint-Roch,47645.0,29047
2024-09-10 11:27:36,Nouveau Saint-Roch,Comédie,1249.0,683
2024-09-10 11:23:08,Médiathèque Emile Zola,Médiathèque Emile Zola,9007.0,8180
2024-09-10 11:20:24,Boutonnet,Boutonnet,2742.0,15496
2024-09-10 11:10:54,Fac de Lettres,Comédie,2962.0,837
2024-09-10 11:04:40,Port Marianne,Pérols Etang de l'Or,15927.0,10015
2024-09-10 10:53:34,Gare Saint-Roch,Gare Saint-Roch,13593.0,5871
2024-09-10 10:47:53,Hôtel de Ville,Jardin de la Lironde,6879.0,2158
2024-09-10 10:46:45,Boutonnet,Gambetta,28.0,697
2024-09-10 10:45:45,Boutonnet,Gambetta,42.0,810
2024-09-10 10:45:32,Boutonnet,Gambetta,34.0,773
2024-09-10 10:44:58,Boutonnet,Boutonnet,2.0,16
2024-09-10 10:44:45,Boutonnet,Gambetta,36.0,870
2024-09-10 10:43:51,Vert Bois,Les Aubes,11608.0,5487
2024-09-10 10:43:51,Boutonnet,Renouvier,38.0,1223
2024-09-10 10:43:37,Boutonnet,Renouvier,38.0,1239
2024-09-10 10:36:57,Celleneuve,Halles Castellane,4014.0,884
2024-09-10 10:27:58,Occitanie,Albert 1er - Cathédrale,3154.0,996
2024-09-10 10:27:29,Plan Cabanes,Albert 1er - Cathédrale,898.0,416
2024-09-10 10:27:02,Occitanie,Occitanie,0.0,29
2024-09-10 10:21:49,Père Soulas,Place Albert 1er - St Charles,2679.0,1984
2024-09-10 10:20:38,Père Soulas,Jardin de la Lironde,6460.0,1864
2024-09-10 10:19:48,Père Soulas,Père Soulas,0.0,16
2024-09-10 10:18:35,Père Soulas,Faculté des sciences,1364.0,394
2024-09-10 10:14:02,Gare Saint-Roch,Gambetta,9044.0,34417
2024-09-10 10:09:18,Pérols Etang de l'Or,Pérols Etang de l'Or,4465.0,8651
2024-09-10 10:08:28,Pérols Etang de l'Or,Pérols Etang de l'Or,4404.0,8671
2024-09-10 10:04:15,Richter,Faculté des sciences,5241.0,1674
2024-09-10 10:02:00,Comédie,Nombre d'Or,27091.0,16631
2024-09-10 10:00:34,Cité Mion,Comédie,1196.0,319
2024-09-10 09:59:20,Gare Saint-Roch,Nombre d'Or,639.0,411
2024-09-10 09:57:03,Antigone centre,Garcia Lorca,2656.0,921
2024-09-10 09:55:35,Jeu de Mail des Abbés,Renouvier,59.0,4186
2024-09-10 09:54:29,Jeu de Mail des Abbés,Vert Bois,232.0,10599
2024-09-10 09:54:14,Jeu de Mail des Abbés,Renouvier,63.0,4266
2024-09-10 09:53:36,Fac de Lettres,Place Albert 1er - St Charles,1684.0,619
2024-09-10 09:51:12,Vert Bois,Faculté des sciences,2258.0,691
2024-09-10 09:50:32,Vert Bois,Vert Bois,0.0,19
2024-09-10 09:42:52,Jeu de Mail des Abbés,Richter,3028.0,839
2024-09-10 09:41:26,Jeu de Mail des Abbés,Jeu de Mail des Abbés,0.0,64
2024-09-10 09:35:29,Plan Cabanes,Jean de Beins,1547.0,553
2024-09-10 09:34:46,Plan Cabanes,Plan Cabanes,0.0,18
2024-09-10 09:32:45,Comedie Baudin,Faculté des sciences,4190.0,1243
2024-09-10 09:28:22,Vert Bois,Fac de Lettres,1041.0,301
2024-09-10 09:26:47,Corum,Richter,2478.0,501
2024-09-10 09:22:50,Gambetta,Fac de Lettres,2707.0,944
2024-09-10 09:20:28,Port Marianne,Gare Saint-Roch,36.0,564
2024-09-10 09:20:14,Port Marianne,Gare Saint-Roch,36.0,567
2024-09-10 09:18:11,Port Marianne,Gare Saint-Roch,38.0,726
2024-09-10 09:17:55,Port Marianne,Gare Saint-Roch,38.0,729
2024-09-10 09:16:26,Port Marianne,Gare Saint-Roch,36.0,860
2024-09-10 09:16:11,Port Marianne,Gare Saint-Roch,36.0,861
2024-09-10 09:15:28,Gare Saint-Roch,Port Marianne,1860.0,389
2024-09-10 09:15:22,Père Soulas,Père Soulas,2523.0,25263
2024-09-10 09:14:27,Gambetta,Place Viala,1801.0,548
2024-09-10 09:13:30,Foch,Observatoire,6126.0,14808
2024-09-10 09:08:58,Vert Bois,Boutonnet,1684.0,326
2024-09-10 09:07:04,Hôtel de Ville,Observatoire,75.0,1642
2024-09-10 09:06:30,Hôtel de Ville,Observatoire,85.0,1695
2024-09-10 09:05:16,Renouvier,Fac de Lettres,3118.0,17716
2024-09-10 09:04:32,Hôtel de Ville,Observatoire,67.0,1872
2024-09-10 09:04:15,Hôtel de Ville,Observatoire,65.0,1889
2024-09-10 09:04:01,Plan Cabanes,Occitanie,0.0,1365
2024-09-10 09:03:47,Nouveau Saint-Roch,Voltaire,1300.0,277
2024-09-10 09:02:47,Hôtel de Ville,Vert Bois,77.0,13767
2024-09-10 09:02:04,Hôtel de Ville,Hôtel de Ville,0.0,20
2024-09-10 09:01:40,Hôtel de Ville,Vert Bois,83.0,13769
2024-09-10 08:54:52,Plan Cabanes,Comedie Baudin,1288.0,391
2024-09-10 08:54:21,Plan Cabanes,Plan Cabanes,0.0,19777
2024-09-10 08:53:06,Nouveau Saint-Roch,Place Albert 1er - St Charles,2560.0,953
2024-09-10 08:52:02,Aiguelongue,Fac de Lettres,1098.0,390
2024-09-10 08:51:08,Place Albert 1er - St Charles,Antigone centre,2013.0,492
2024-09-10 08:50:56,Fac de Lettres,Place Albert 1er - St Charles,1876.0,581
2024-09-10 08:48:10,Hôtel de Ville,Hôtel de Ville,5858.0,2285
2024-09-10 08:46:50,Foch,Occitanie,3312.0,847
2024-09-10 08:45:18,Albert 1er - Cathédrale,Fac de Lettres,1911.0,550
2024-09-10 08:44:35,Gare Saint-Roch,Fac de Lettres,3060.0,1115
2024-09-10 08:43:12,Comédie,AtelierTAM,118.0,9841
2024-09-10 08:40:22,Gare Saint-Roch,Plan Cabanes,1294.0,448
2024-09-10 08:39:18,Place Viala,Faculté des sciences,2372.0,656
2024-09-10 08:39:16,Foch,Boutonnet,1415.0,546
2024-09-10 08:37:14,Plan Cabanes,Renouvier,682.0,261
2024-09-10 08:36:38,Cité Mion,Boutonnet,3565.0,1005
2024-09-10 08:36:04,Plan Cabanes,Médiathèque Emile Zola,2260.0,575
2024-09-10 08:35:42,Renouvier,Médiathèque Emile Zola,2628.0,703
2024-09-10 08:35:16,Les Aubes,Comédie,2270.0,803
2024-09-10 08:34:05,Renouvier,Hôtel du Département,5374.0,2554
2024-09-10 08:33:28,Gare Saint-Roch,Jeu de Mail des Abbés,3073.0,6003
2024-09-10 08:33:23,Port Marianne,Port Marianne,5090.0,9809
2024-09-10 08:33:19,Observatoire,Place Viala,2376.0,967
2024-09-10 08:30:27,Gare Saint-Roch,Place Viala,2672.0,1050
2024-09-10 08:29:38,Antigone centre,Comédie,14.0,592
2024-09-10 08:28:57,Antigone centre,Comédie,20.0,643
2024-09-10 08:27:31,Antigone centre,Comédie,14.0,741
2024-09-10 08:26:57,Antigone centre,Comédie,22.0,792
2024-09-10 08:26:00,Antigone centre,Comédie,7316.67,878
2024-09-10 08:25:46,Antigone centre,Comédie,24.0,889
2024-09-10 08:22:51,Observatoire,Fac de Lettres,2795.0,812
2024-09-10 08:20:43,Nombre d'Or,Comédie,18.0,1215
2024-09-10 08:19:11,Occitanie,Malbosc,2199.0,676
2024-09-10 08:18:53,Celleneuve,Plan Cabanes,2952.0,618
2024-09-10 08:17:48,Nombre d'Or,Comédie,10.0,1444
2024-09-10 08:17:31,Nombre d'Or,Comédie,22.0,1407
2024-09-10 08:16:53,Nombre d'Or,Comédie,0.0,1531
2024-09-10 08:16:39,Nombre d'Or,Comédie,18.0,1502
2024-09-10 08:14:57,Renouvier,Faculté des sciences,3522.0,1464
2024-09-10 08:14:31,Renouvier,Faculté des sciences,3457.0,1487
2024-09-10 08:13:56,Renouvier,Renouvier,0.0,1284
2024-09-10 08:13:09,Renouvier,Faculté des sciences,3499.0,1571
2024-09-10 08:12:42,Hôtel du Département,Occitanie,2425.0,878
2024-09-10 08:12:31,Renouvier,Faculté des sciences,3487.0,1609
2024-09-10 08:12:12,Renouvier,Renouvier,0.0,24
2024-09-10 08:11:43,Renouvier,Faculté des sciences,3518.0,1650
2024-09-10 08:07:57,Gare Saint-Roch,Comédie,20.0,2167
2024-09-10 08:07:29,Gare Saint-Roch,Comédie,18.0,2078
2024-09-10 08:07:11,Gare Saint-Roch,Gare Saint-Roch,0.0,26
2024-09-10 08:06:28,Gare Saint-Roch,Vert Bois,36.0,17150
2024-09-10 08:06:11,Gare Saint-Roch,Vert Bois,40.0,17164
2024-09-10 07:58:08,Charles Flahault,Faculté des sciences,1466.0,360
2024-09-10 07:56:35,Hôtel de Ville,Boutonnet,5419.0,1834
2024-09-10 07:56:21,Beaux-Arts,Boutonnet,1831.0,732
2024-09-10 07:55:13,Hôtel de Ville,Hôtel de Ville,0.0,43
2024-09-10 07:53:02,Faculté des sciences,Place Albert 1er - St Charles,2325.0,566
2024-09-10 07:52:14,Plan Cabanes,Fac de Lettres,2683.0,768
2024-09-10 07:51:56,Place Albert 1er - St Charles,Faculté des sciences,2154.0,559
2024-09-10 07:50:37,Aiguelongue,Corum,1698.0,437
2024-09-10 07:49:26,Nouveau Saint-Roch,Richter,2611.0,625
2024-09-10 07:44:58,Médiathèque Emile Zola,Comédie,1572.0,449
2024-09-10 07:42:45,Vert Bois,Albert 1er - Cathédrale,2642.0,503
2024-09-10 07:40:39,Place Viala,Fac de Lettres,2342.0,1279
2024-09-10 07:39:48,Malbosc,Faculté des sciences,3444.0,921
2024-09-10 07:29:35,Renouvier,Observatoire,996.0,354
2024-09-10 07:29:07,Gare Saint-Roch,Antigone centre,1067.0,393
2024-09-10 07:23:26,Gare Saint-Roch,Place Albert 1er - St Charles,1402.0,457
2024-09-10 07:21:36,Voltaire,Gambetta,1580.0,479
2024-09-10 07:20:53,Voltaire,Voltaire,0.0,17
2024-09-10 07:14:02,Gare Saint-Roch,Richter,1835.0,562
2024-09-10 07:13:23,Gare Saint-Roch,Gare Saint-Roch,0.0,19
2024-09-10 07:05:48,Pérols Etang de l'Or,Pérols Etang de l'Or,5813.0,4466
2024-09-10 07:03:51,Louis Blanc,Faculté des sciences,2738.0,875
2024-09-10 06:51:28,Aiguelongue,Beaux-Arts,1259.0,281
2024-09-10 06:21:51,Vert Bois,Gare Saint-Roch,4308.0,982
2024-09-10 06:17:41,Louis Blanc,Boutonnet,1343.0,377
2024-09-10 06:15:04,Les Aubes,Corum,1241.0,347
2024-09-10 06:07:11,Père Soulas,Observatoire,2887.0,906
2024-09-10 06:05:43,Observatoire,Rondelet,551.0,199
2024-09-10 05:15:53,Rondelet,Plan Cabanes,1057.0,724
2024-09-10 05:14:39,Rondelet,Rondelet,0.0,18
2024-09-10 05:12:25,Rondelet,Plan Cabanes,1151.0,928
2024-09-10 05:06:03,Les Aubes,Gare Saint-Roch,2517.0,1204
2024-09-10 04:19:07,Plan Cabanes,Tonnelles,2960.0,1097
2024-09-10 03:58:04,Boutonnet,Sabines,6295.0,1645
2024-09-10 03:34:23,Saint-Guilhem - Courreau,Place Viala,1794.0,444
2024-09-10 03:21:28,Médiathèque Emile Zola,Tonnelles,5064.0,1626
2024-09-10 03:20:40,Médiathèque Emile Zola,Tonnelles,5043.0,1666
2024-09-10 03:09:25,Garcia Lorca,Observatoire,2454.0,1338
2024-09-10 02:57:32,Occitanie,Vert Bois,4498.0,1893
2024-09-10 02:53:28,Occitanie,Vert Bois,4547.0,2165
2024-09-10 02:47:38,Médiathèque Emile Zola,Boutonnet,3218.0,1115
2024-09-10 02:18:54,Gambetta,Nombre d'Or,1641.0,415
2024-09-10 02:18:53,Gambetta,Nombre d'Or,1598.0,414
2024-09-10 02:18:31,Gambetta,Nombre d'Or,1664.0,449
2024-09-10 02:17:58,Gambetta,Gambetta,0.0,25
2024-09-10 02:10:24,Euromédecine,Boutonnet,5354.0,3016
2024-09-10 02:10:08,Comédie,Boutonnet,2197.0,674
2024-09-10 02:09:34,Euromédecine,Euromédecine,0.0,16
2024-09-10 02:08:48,Euromédecine,Boutonnet,4900.0,3110
2024-09-10 02:02:10,Plan Cabanes,Celleneuve,3238.0,1073
2024-09-10 01:56:40,Port Marianne,Hôtel du Département,7132.0,1887
2024-09-10 01:44:34,Fac de Lettres,Occitanie,3177.0,960
2024-09-10 01:43:49,Fac de Lettres,Fac de Lettres,0.0,16
2024-09-10 01:43:05,Place Albert 1er - St Charles,Place Albert 1er - St Charles,4386.0,2156
2024-09-10 01:42:31,Place Albert 1er - St Charles,Albert 1er - Cathédrale,5431.0,2682
2024-09-10 01:35:57,Albert 1er - Cathédrale,Albert 1er - Cathédrale,5013.0,2960
2024-09-10 01:29:16,Saint-Denis,Nombre d'Or,1257.0,24664
2024-09-10 01:28:47,Saint-Denis,Hôtel de Ville,3350.0,110805
2024-09-10 01:27:57,Saint-Denis,Hôtel de Ville,3101.0,1194
2024-09-10 01:26:50,Médiathèque Emile Zola,Occitanie,5448.0,1594
2024-09-10 01:26:47,Saint-Denis,Saint-Denis,0.0,26
2024-09-10 01:26:25,Médiathèque Emile Zola,Occitanie,5431.0,1608
2024-09-10 01:17:44,Tonnelles,Nombre d'Or,0.0,1111
2024-09-10 01:08:07,Comédie,Place Albert 1er - St Charles,4261.0,1157
2024-09-10 01:07:56,Gare Saint-Roch,Antigone centre,1509.0,469
2024-09-10 01:03:25,Observatoire,Gare Saint-Roch,375.0,166
2024-09-10 01:02:58,Comedie Baudin,Place Albert 1er - St Charles,4367.0,1463
2024-09-10 01:02:54,Observatoire,Antigone centre,1874.0,778
2024-09-10 00:59:38,Halles Castellane,Aiguelongue,0.0,640
2024-09-10 00:38:00,Euromédecine,Vert Bois,6199.0,1747
2024-09-10 00:36:23,Comédie,Gare Saint-Roch,2425.0,801
2024-09-10 00:30:41,Place Albert 1er - St Charles,Vert Bois,2701.0,1157
2024-09-10 00:20:54,Corum,Jardin de la Lironde,3910.0,1433
2024-09-10 00:19:40,Comédie,Nouveau Saint-Roch,1317.0,1418
2024-09-10 00:19:25,Comédie,Marie Caizergues,1964.0,618
2024-09-10 00:19:11,Comédie,Marie Caizergues,1990.0,623
2024-09-10 00:18:27,Gare Saint-Roch,Nouveau Saint-Roch,1029.0,291
2024-09-10 00:17:57,Comedie Baudin,Comédie,228.0,343
2024-09-10 00:10:50,Foch,Occitanie,5078.0,1424
2024-09-10 00:07:10,Nombre d'Or,Nombre d'Or,13758.0,5483
2024-09-10 00:06:19,Nombre d'Or,Nombre d'Or,13693.0,5526
